wp_ID,wp_post_title,wp_post_name,cf__sku,cf__price,cf__regular_price,cf__sale_price,cf__stock
4076,Casual Loosefit Sweater,casual-loosefit-sweater,CLS001,35,,,
4068,Crewneck Pullover,crewneck-pullover,CNP001,35,,,
4061,Berry Pullover,berry-pullover,BPB001,39.99,,,
4054,Tailed Knit,tailed-knit,TKN001,49,,,
3091,Charm Bracelet - Blue,charm-bracelet-blue,BRACE012,9.99,9.99,5.99,1
3068,Rustic Make A Wish Rings - Peace,wish-rings-peace,RING005,4.99,5.99,4.99,10
3072,Rustic Make A Wish Rings - Free,wish-rings-free,RING006,4.99,5.99,4.99,16
3076,Rustic Make A Wish Rings - Wisdom,wish-rings-wisdom,RING007,4.99,5.99,4.99,15
3080,Rustic Make A Wish Rings - Luck,wish-rings-luck,RING008,5.99,5.99,,19
3083,Geometric Necklace - Black,geometric-necklace-black,NECK006,14.99,19.99,14.99,4
3082,Mood Rings - Colour Changing,mood-rings-colour,RING009,4.99,4.99,,100
3099,Punk Style Leather Bracelet - White,leather-bracelet-white,BRACE014,9.99,9.99,,4
3101,Punk Style Leather Bracelet - Black,leather-bracelet-black,BRACE015,9.99,9.99,,4
3103,Punk Style Leather Bracelet - Pink,punk-bracelet-pink,BRACE016,9.99,9.99,,4
3106,Sterling Silver Filled Charm Tag Bracelet,sterling-silver-bracelet,BRACE018,7.99,7.99,,9
3110,Chunky Beaded Necklace - Green/Teal,beaded-necklace-teal,BRACE019,9.99,14.99,9.99,1
3114,Chunky Beaded Necklace - Black,beaded-necklace-black,BRACE020,9.99,14.99,9.99,1
3118,Chunky Beaded Necklace - Multi Colour,beaded-necklace-multi-colour,BRACE021,9.99,14.99,9.99,1
3123,Chunky Beaded Necklace - Gold,beaded-necklace-gold,BRACE023,9.99,14.99,9.99,1
3064,Rustic Make A Wish Rings - Love,wish-rings-love,RING004,4.99,5.99,4.99,8
3127,Chunky Beaded Necklace - White,beaded-necklace-white,BRACE024,9.99,14.99,9.99,1
3060,Rustic Make A Wish Rings - Hope,wish-rings-hope,RING003,4.99,5.99,4.99,8
3087,Charm Bracelet - Black,charm-bracelet-black,BRACE011,9.99,9.99,5.99,1
3131,One Direction Silicone Band  - So In Love With One Direction,one-direction-direction,BRACE025,7.99,7.99,5.99,1
3095,Charm Bracelet - White,charm-bracelet-white,BRACE013,9.99,9.99,,0
3056,Rustic Make A Wish Rings - Belief,wish-rings-belief,RING002,4.99,5.99,4.99,8
3052,Silver Hoop Earrings,hoop-earrings,EAR002,9.99,9.99,5.99,11
3212,Leather Bracelet Wrist Watch - Green,wrist-watch-green,BRACE039,9.99,14.99,5.99,2
3226,Graduated Drop Necklace - Silver,graduated-drop-necklace,NECK007,11.99,14.99,5.99,5
3191,Nail Stickers - Silver Polka Dot,nail-stickers-polka-dot,NAIL019,9.99,9.99,,1
3194,Nail Stickers - Gold Stripes,nail-stickers-gold,NAIL021,9.99,9.99,,1
3198,Nail Stickers - Patchy Gold,nail-stickers-patchy-gold,NAIL023,9.99,9.99,,1
3196,Nail Stickers - Patchy Silver,nail-stickers-patchy,NAIL022,9.99,9.99,,1
3200,Nail Stickers - Silver Roses,nail-stickers-silver-roses,NAIL024,9.99,9.99,,1
3204,All In One Bracelet - Red,all-bracelet-red,BRACE037,11.99,14.99,5.99,1
3216,Assorted Nail Stickers - Assorted 2pk,assorted-nail-stickers,NAIL026,6.99,9.99,6.99,12
3222,Gemstone Ring - Gemstone,gemstone-ring-gemstone,RING010,5.99,7.99,5.99,12
3208,All In One Bracelet - Blue,all-bracelet-blue,BRACE038,11.99,14.99,5.99,1
3202,Nail Stickers - Solid Silver,nail-stickers-silver,NAIL025,6.99,9.99,6.99,1
3251,Bohemian Style Beaded Bracelet - Yellow,beaded-bracelet-yellow,BRACE001,8.99,10.99,8.99,1
3296,Rhinestone Choker - Black,choker-black,NECK003,18.99,24.99,14.99,2
3292,Rhinestone Choker - Yellow,choker-yellow,NECK002,18.99,24.99,14.99,2
3287,Rhinestone Choker - Lime Green,choker-lime-green,NECK001,14.99,24.99,14.99,1
3279,Bohemian Anchor Bracelet - White,bracelet,BRACE008,6.99,10.99,5.99,0
3271,Bohemian Anchor Bracelet - Baby Pink,bracelet-baby-pink,BRACE006,6.99,10.99,5.99,1
3275,Bohemian Anchor Bracelet - Pink,bracelet-pink,BRACE007,6.99,10.99,5.99,2
3267,Bohemian Style Beaded Bracelet - Purple,beaded-bracelet-purple,BRACE005,8.99,10.99,5.99,1
3259,Bohemian Style Beaded Bracelet - Blue,beaded-bracelet-blue,BRACE003,8.99,10.99,5.99,1
3263,Bohemian Style Beaded Bracelet  - Pink,beaded-bracelet-pink,BRACE004,8.99,10.99,5.99,1
3255,Bohemian Style Beaded Bracelet - Green,beaded-bracelet-green,BRACE002,8.99,10.99,5.99,1
3283,Bohemian Anchor Bracelet - Black,bracelet-black,BRACE009,6.99,10.99,5.99,1
3300,Rhinestone Choker - Turquoise,rhinestone-choker-turquoise,NECK004,18.99,24.99,14.99,1
3189,Nail Stickers - Skulls,nail-stickers-skulls,NAIL018,9.99,9.99,,3
3236,Two Way Nail Art - Red,nail-art-red,NAIL006,4.99,4.99,,1
3246,Two Way Nail Art - Yellow,nail-art-yellow,NAIL014,4.99,4.99,,1
3244,Two Way Nail Art - Silver Glitter,nail-art-silver-glitter,NAIL013,4.99,4.99,,1
3235,Two Way Nail Art - Lilac,nail-art-lilac,NAIL005,4.99,4.99,,1
3249,Two Way Nail Art - Dark Brown,nail-art-dark-brown,NAIL016,4.99,4.99,,1
3182,Sterling Silver Hoop Earrings,silver-hoop-earrings,EAR003,14.99,19.99,5.99,2
3233,Two Way Nail Art - Maroon,nail-art-maroon,NAIL004,4.99,4.99,,1
3231,Two Way Nail Art - White,nail-art-white,NAIL003,4.99,4.99,,1
3230,Two Way Nail Art - Lavender,nail-art-lavender,NAIL002,4.99,4.99,,1
3135,One Direction Silicone Band  - You Don't Know You're Beautiful,one-direction-beauty,BRACE026,7.99,7.99,,4
3139,One Direction Silicone Band  - You Got That One Thing,one-direction-thing,BRACE027,7.99,7.99,,2
3185,Sterling Silver Hoop Earrings,silver-earrings,EAR004,11.95,14.95,5.99,10
3178,Gold Chain Necklace,gold-chanecklace,BRACE036,9.99,19.99,5.99,6
3167,One Direction Silicone Band  - I Love Louise,one-direction-louise,BRACE034,7.99,7.99,,1
3171,One Direction Silicone Band  - I Love Zayn,one-direction-zayn,BRACE035,7.99,7.99,,1
3163,One Direction Silicone Band  - I Love Liam,one-direction-liam,BRACE033,7.99,7.99,,2
3159,One Direction Silicone Band  - I Love Harry,one-direction-harry,BRACE032,7.99,7.99,,1
3155,One Direction Silicone Band  - I Love Niall,one-direction-niall,BRACE031,7.99,7.99,,1
3151,"One Direction Silicone Band  - It's Not An Obsession, It's Dedication",one-direction-dedication,BRACE030,7.99,7.99,,1
3147,One Direction Silicone Band  - I Love One Direction,one-direction-love,BRACE029,7.99,7.99,,3
3353,Feather Earrings  - Yellow,feather-earrings-yellow,EAR008,7.99,7.99,,0
3143,One Direction Silicone Band  - That's What Makes You Beautiful,one-direction-beautiful,BRACE028,7.99,7.99,,2
3355,Feather Earrings  - Orange,feather-earrings-orange,EAR009,7.99,7.99,,0
3359,Feather Earrings  - Purple,feather-earrings-purple,EAR011,7.99,7.99,,0
3357,Feather Earrings  - Black,feather-earrings-black,EAR010,7.99,7.99,,0
3361,Feather Earrings  - Green,feather-earrings-green,EAR012,7.99,7.99,,0
3363,Feather Earrings  - Red,feather-earrings-red,EAR013,7.99,7.99,,0
3377,Authentic Handmade Bag (Mini) - Pink,bag-mini-pink,BAG002,19.99,19.99,,1
3365,Feather Earrings  - Peach,feather-earrings-peach,EAR014,7.99,7.99,,1
3367,Feather Earrings  - Brown,feather-earrings-brown,EAR015,7.99,9.99,7.99,1
3375,Authentic Handmade Bag (Mini) - Green,bag-mini-green,BAG001,19.99,19.99,,1
3371,2 Broke Girls Inspired Necklace - Pearl,2-broke-girls,NECK019,19.99,29.99,19.99,2
3350,Feather Earrings  - Blue,feather-earrings-blue,EAR006,7.99,7.99,,1
3345,Feather Earrings  - White,feather-earrings-white,EAR005,9.99,7.99,9.99,0
3352,Feather Earrings  - Pink,feather-earrings-pink,EAR007,7.99,7.99,,1
3336,Candy Coloured Geometrical Drop Pendants - Green,drop-pendants-green,NECK012,14.99,24.99,14.99,1
3339,Big Bubble Beaded Necklace - Yellow,beaded-necklace-yellow,NECK013,14.99,24.99,14.99,1
3344,Big Bubble Beaded Necklace - Multi Color,beaded-necklace-multicolor,NECK018,14.99,24.99,14.99,1
3308,Sterling Silver Tear Drop Earrings - Silver,tear-drop-earrings,EAR001,7.99,9.99,5.99,10
3304,Layered Chain Necklace,layered-chanecklace,NECK005,9.99,14.99,5.99,15
3312,Triple Band Ring - Silver,triple-band-ring,RING001,6.99,9.99,5.99,5
3315,Starfish Charm Bracelet,starfish-charm-bracelet,BRACE010,6.99,9.99,5.99,10
3319,Candy Coloured Geometrical Drop Pendants - Blue,drop-pendants-blue,NECK008,14.99,24.99,14.99,1
3323,Candy Coloured Geometrical Drop Pendants - Orange,drop-pendants-orange,NECK009,14.99,24.99,14.99,1
3331,Candy Coloured Geometrical Drop Pendants - White,drop-pendants-white,NECK011,14.99,24.99,14.99,1
3327,Candy Coloured Geometrical Drop Pendants - Pink,drop-pendants-pink,NECK010,14.99,24.99,14.99,1
3379,Authentic Handmade Bag (Mini) - Brown,bag-mini-brown,BAG003,19.99,19.99,,1
3381,Authentic Handmade Bag (Mini) - Yellow,bag-mini-yellow,BAG004,19.99,19.99,,1
3383,Authentic Handmade Bag  - Maroon,bag-maroon,BAG006,29.99,29.99,,1
3411,Black Strapless Party Dress - Small,strapless-dress-small,BBDRS001,21.65,19.99,21.65,2
3405,Ruffled Leopard Print Skater Dress,leopard-print-dress,LDDRS000,29.99,,,0
3402,Basic Party Dress in Black,dress,BLDRS000,29.99,,,0
3398,Ruffled Leopard Print Skater Dress - Large,leopard-dress-large,LDDRS002,21.65,29.99,21.65,2
3397,Ruffled Leopard Print Skater Dress - Small,leopard-dress-small,LDDRS001,21.65,29.99,21.65,2
3396,Medium (10-12),medium-10-12,ADDRS002,15.99,15.99,,2
3393,Small (8-10),small-8-10,ADDRS001,15.99,15.99,,2
3387,Authentic Handmade Bag  - Grey,bag-grey,BAG008,29.99,29.99,,1
3385,Authentic Handmade Bag  - Green,bag-green,BAG007,29.99,29.99,,1
3389,Authentic Handmade Bag (Large) - Pink,bag-large-pink,BAG009,29.99,29.99,,1
3391,Authentic Handmade Bag (Large) - Purple,bag-large-purple,BAG010,29.99,29.99,,1
3452,5 X Assorted One Direction Silicon Bands,one-direction-bands,ONED001,14.99,14.99,,2
3448,SKYBLUE Universal Magnetic PU Leather Case Cover 7 Inch,skyblue-universal-magnetic-pu-leather-case-cover-7-inch,CASE001,7.99,7.99,,18
3445,Blue Sequined Party Dress,sequined-party-dress,SPDRS000,29.99,,,0
3442,Sexy Black Beach Dress,black-beach-dress,BDDRS000,15.99,,,0
3444,Blue Sequined Party Dress - Medium,blue-sequined-dress,SPDRS001,21.65,29.99,21.65,2
3433,Kaleidoscope Maxi Dress,kaleidoscope-maxi-dress,MDDRS000,39.95,,,0
3427,Midnight Magic Lace Dress in Black,midnight-lace-dress,SBDRS000,39.95,,,0
3426,Midnight Magic Lace Dress in Black - Large,lace-dress-black-large,SBDRS003,21.65,39.99,21.65,2
3419,Cascade Halter Neck Dress,halter-neck-dress,ODRH000,34.99,,,0
3413,Black Strapless Party Dress,strapless-party-dress,BBDRS000,19.99,,,0
3474,Women's punk style silver earrings,punk-style-earrings,PSE001,9.99,9.99,5.99,1
3472,Women's beautiful bow shaped earrings gold,bow-shaped-earrings,BEG001,9.99,9.99,5.99,1
3476,New fashion two different earrings top hat and boot,earrings-hat-boot,THB001,9.99,9.99,5.99,1
3480,AuStock Hot Fashion Ladies Hand Bag Shoulder/Hand Casual Handmad Bag - Green,austock-hot-fashion-ladies-hand-bag-shoulder-hand-casual-handmad-bag-green,fashion-ladies-hand-bag-shoulder-hand-casual-handmad-bag---green,23.74,23.74,,0
3482,USED HotSpot Netgear WNDAP360 pro safe Dual Band Wireless-N Access Point,used-hotspot-netgear-wndap360-pro-safe-dual-band-wireless-n-access-point,spot-netgear-wndap360-pro-safe-dual-band-wireless-n-access-point,199,199,,0
3470,Women's vintage style dangling earrings orange,vintage-dangling-earrings,VSO001,11.99,11.99,,1
3468,Women's retro vintage dangling earrings red,dangling-earrings-red,VER001,12.99,12.99,,1
3462,Women's casual half hoop earrings - Pink,hoop-earrings-pink,HHP001,5.99,5.99,,1
3460,Women's casual dangling earrings,casual-dangling-earrings,CDE001,7.99,7.99,,1
3458,Women's elegant black and gold dangle earrings,elegant-dangle-earrings,EBG001,9.99,9.99,,1
3464,Women's casual half hoop earrings - Blue,hoop-earrings-blue,HHB001,5.99,5.99,,1
3466,Women's casual half hoop earrings - Yellow,half-earrings-yellow,HHY001,5.99,5.99,,1
3394,Casual Floral Print Day Dress,casual-floral-dress,ADDRS000,39.95,,,0
3484,Black Bombshell Dress,black-bombshell-dress,BBS001,20,34.99,20,2
3488,Black Rose Shift Dress,black-rose-dress,BRS001,20,34.99,20,3
3491,Call Me Playsuit in Black,call-me-playsuit,CMP000,25,39.99,25,0
3500,Just A Little Naughty Playsuit in White,naughty-playsuit-white,NPS000,25,35.99,25,0
3512,Come Hither Bodycon in Black,come-hither-bodycon,CHB000,20,39.99,20,0
3522,Let's Play Dress in Red,play-dress-red,LPD000,20,34.99,20,0
3518,Free Shift Dress in Purple,free-shift-dress,FSD001,20,32.99,20,3
3529,Lolita Playsuit in White,lolita-playsuit-white,LPW000,20,39.99,20,0
3537,Night on the town mesh dress in black,mesh-dress-black,NTM000,29.99,34.99,29.99,0
3544,Pretty Meshy Dress in Black,pretty-meshy-dress,PDM000,15,39.99,15,0
3551,Sexy Leopard Shift Dress,leopard-shift-dress,LSD000,18,34.99,18,0
3558,Show Stopper Playsuit in Blue,show-stopper-playsuit,SSP000,18,34.99,18,0
3569,Summer Suzie Tee Dress in Red,tee-dress-red,SST000,18,29.99,18,1
3563,Summer Fun Playsuit in Red,summer-fun-playsuit,SFP000,20,34.99,20,0
3573,Summer Suzie Tee Dress in Blue,tee-dress-blue,SST001,18,29.99,15,1
3584,Sweetheart Playsuit in White,sweetheart-playsuit-white,SPW000,29.99,34.99,29.99,0
3577,Sweetheart Playsuit in Pink,sweetheart-playsuit-pink,SPP000,29.99,34.99,29.99,0
3591,Watch Out Party Dress in Black,watch-party-dress,WOP000,20,34.99,20,0
3608,Endless Splendour Dress in Black,endless-splendour-dress,EPD000,20,24.99,20,0
3599,Black & Cream Striped Bodycon Dress,striped-bodycon-dress,BWS000,20,24.99,20,0
3616,Red Sequined Party Dress,sequine-party-dress,RSD000,20,29.99,20,0
3628,African Safari Playsuit in White,african-safari-playsuit,ASP000,20,34.99,20,0
3648,Brat Tee in Black,brat-tee-black,BT000,18,24.99,18,0
3641,Black or White Day Dress,black-white-dress,BWDD000,20,34.99,20,0
3635,Beach Babe Playsuit in Pink,beach-babe-playsuit,BBP000,20,34.99,20,0
3659,City Chic Party Dress in White,citychic-party-dress,CCD000,20,34.99,20,0
3654,Casual Kelly Tee in Grey -  Medium,casual-kelly-tee,CKT001,24.99,24.99,20,1
3666,Kool Kim Top in White,kool-kim-top,KKT000,18,29.99,15,0
3673,Criss Cross Top in White,criss-cross-top,CRT000,18,29.99,15,0
3680,Dare to Dream Playsuit in Black,dare-to-dream-playsuit,DTD000,20,,,0
3686,Florista Playsuit in Black,florista-playsuit,FPB000,20,34.99,20,0
3692,Grey Butterfly Day Dress,grey-butterfly-dress,GBD000,34.99,34.99,,0
3698,Hugs & Kiss Party Dress in Red,kiss-party-dress,HKP000,15,34.99,15,0
3703,Hugs & Kiss Party Dress in White,kiss-dress-white,HKP004,20,34.99,15,0
3714,Lost Tee in Grey,lost-tee-grey,LTG000,18,29.99,15,0
3720,Playful Lace Top in White,playful-lace-top,PLT000,18,29.99,15,0
3709,Look At Me Party Dress in Black,look-party-dress,LAM000,20,29.99,20,0
3725,Polka Dot Princess Tee in Black,polka-dot-tee,PDP000,18,29.99,18,0
3732,Pretty in Pink Playsuit,pretty-pink-playsuit,PIP000,15,39.99,15,0
3748,Red Lips Party Dress,red-party-dress,RLP000,20,34.99,20,0
3755,Romeo Crop Top in Black,romeo-crop-top,RCT000,18,24.99,18,0
3768,Senorita Party Dress,senorita-party-dress,SPD000,20,39.99,20,0
3775,Serenity Floral Print Maxi Dress,floral-maxi-dress,SFM000,20,39.99,20,0
3739,Princess Playsuit in Pink,princess-playsuit-pink,PPP000,20,39.99,20,0
3761,Sassy Anne Jumpsuit in Blue,sassy-anne-jumpsuit,SAJ000,15,39.99,15,0
3781,Vixen Dress in White,vixen-dress-white,VPW000,20,34.99,20,0
3789,Wave Mesh Playsuit in White,wave-mesh-playsuit,WMP000,29.99,34.99,29.99,0
3796,Test Product (NOT FOR SALE),test-product-not-for-sale,TEST001,0.01,0.01,,8
3805,Party Dress Red Seduction - Medium,party-dress-red-seduction-medium,party-dress-red-seduction---medium,21.65,19.99,21.65,0
3812,Party Dress Red Seduction - Small,party-dress-red-seduction-small,party-dress-red-seduction---small,13.99,13.99,,0
3818,Mariana Playsuit in Black,mariana-playsuit-black,MPB000,49.99,69.99,49.99,0
3826,Tanya Pinstripe Playsuit in Black,tanya-pinstripe-playsuit,TPP000,49.99,69.99,49.99,0
3834,Voltage Playsuit in Black,voltage-playsuit-black,VPB000,49.99,69.99,49.99,0
3843,Symphony Party Dress in Navy,symphony-party-dress,SDN000,49.99,69.99,49.99,0
3850,Blue Mist Day Dress,blue-mist-dress,BMDD000,34.99,45,34.99,0
3857,Swing Party Dress in White,swing-party-dress,SPDW000,34.99,39.99,34.99,0
3864,Crystal Clear Playsuit in White,crystal-clear-playsuit,CCP000,25.99,,,0
3871,Bluebell Day Dress in Navy,bluebell-dress-navy,BBD000,25.99,,,0
3878,Southern Comfort Maxi Dress in Black,maxi-dress-black,SCM000,25.99,,,0
3884,Ruched Maxi Dress in Black,ruched-maxi-black,RMB000,20,,,0
3891,Ruched Maxi Dress in White,ruched-maxi-white,RMW000,20,,,0
4039,Pocket Dress,pocket-dress,,49,,,0
4045,Haze Hi Low Knit,haze-hi-low-knit,HHL001,49,,,
3105,Handmade Leather Bracelets - Assorted,handmade-leather-bracelets,BRACE017,9.99,9.99,5.99,3
3122,Chunky Beaded Necklace - Red,beaded-necklace,BRACE022,9.99,14.99,9.99,1
3248,Two Way Nail Art - Peach,nail-art-peach,NAIL015,4.99,4.99,,1
3239,Two Way Nail Art - Light Pink,nail-art-light-pink,NAIL008,4.99,4.99,,2
3243,Two Way Nail Art - Brown,nail-art-brown,NAIL012,4.99,4.99,,1
3193,Nail Stickers - Hearts & Kisses,nail-stickers-hearts-kisses,NAIL020,9.99,9.99,,2
3242,Two Way Nail Art - Dark Pink,nail-art-dark-pink,NAIL011,4.99,4.99,,1
3241,Two Way Nail Art - Emerald Green,nail-art-emerald-green,NAIL010,4.99,4.99,,1
3240,Two Way Nail Art - Rust Orange,nail-art-rust-orange,NAIL009,4.99,4.99,,1
3238,Two Way Nail Art - Green,nail-art-green,NAIL007,4.99,4.99,,1
3250,Two Way Nail Art - Turquoise,nail-art-turquoise,NAIL017,4.99,4.99,,1
3399,Basic Party Dress in Black - Small,dress-black-small,BLDRS001,21.65,29.99,20,1
3343,Big Bubble Beaded Necklace - Red,beaded-necklace-red,NECK017,14.99,14.99,,1
3342,Big Bubble Beaded Necklace - Green,beaded-necklace-green,NECK016,14.99,14.99,,1
3401,Basic Party Dress in Black - Large,dress-black-large,BLDRS003,21.65,29.99,20,2
3341,Big Bubble Beaded Necklace - Baby Blue,necklace-baby-blue,NECK015,14.99,14.99,,1
3400,Basic Party Dress in Black - Medium,dress-black-medium,BLDRS002,21.65,29.99,20,1
3340,Big Bubble Beaded Necklace - Blue,beaded-necklace-blue,NECK014,14.99,14.99,,1
3425,Midnight Magic Lace Dress in Black - Medium,lace-dress-black-medium,SBDRS002,21.65,39.99,20,2
3424,Midnight Magic Lace Dressin Black - Small,lace-dressblack-small,SBDRS001,21.65,39.99,20,2
3440,Sexy Black Beach Dress - Medium,beach-dress-medium,BDDRS002,21.65,15.99,20,2
3441,Sexy Black Beach Dress - Large,beach-dress-large,BDDRS003,20,15.99,20,2
3418,Cascade Halter Neck Dress - 12,neck-dress-12,ODRH003,21.65,34.99,20,2
3416,Cascade Halter Neck Dress - 8,neck-dress-8,ODRH001,21.65,34.99,20,1
3439,Sexy Black Beach Dress - Small,beach-dress-small,BDDRS001,21.65,15.99,20,1
3417,Cascade Halter Neck Dress - 10,neck-dress-10,ODRH002,21.65,34.99,20,1
3432,Kaleidoscope Maxi Dress - Medium,kaleidoscope-maxi-medium,MDDRS002,21.65,39.99,20,1
3431,Kaleidscope Maxi Dress - Large,kaleidscope-maxi-large,MDDRS003,21.65,39.99,20,1
3412,Black Strapless Party Dress - Medium,black-strapless-dress,BBDRS002,21.65,19.99,20,1
3450,Fun Rainbow Loom Band Kit,loom-band-kit,LOOM001,14.95,14.95,,10
3430,Kaleidoscope Maxi Dress - Small,kaleidoscope-maxi-small,MDDRS001,21.65,39.99,20,2
3478,1 Pair x NISSAN Car Projector Laser LED Door Welcome Step Shadow Logo Light,1-pair-x-nissan-car-projector-laser-led-door-welcome-step-shadow-logo-light,ssan-car-projector-laser-led-door-welcome-step-shadow-logo-light,29.99,29.99,,0
3456,Fun Rainbow Loom Band Kit-EBAY,loom-band-ebay,LOOM002,9.5,9.5,,10
3454,Excellent condition PS3 console Playstation 3 120GB Console + 4 Games,excellent-condition-ps3-console-playstation-3-120gb-console-4-games,lent-condition-ps3-console-playstation-3-120gb-console---4-games,197.55,197.55,,0
3627,Red Sequined Party Dress - Medium,red-sequined-dress,RSD001,20,29.99,20,2
3798,1 Pair x DC 12V Vehicle Car FrontLight 8 LED DRL Day Time Running Lamp,1-pair-x-dc-12v-vehicle-car-frontlight-8-led-drl-day-time-running-lamp,-x-dc-12v-vehicle-car-frontlight-8-led-drl-day-time-running-lamp,7.99,7.99,,0
3800,"Lenovo Edge E530 Intel Core i5-3230M Laptop, 700GB HD Bluetooth",lenovo-edge-e530-intel-core-i5-3230m-laptop-700gb-hd-bluetooth,lenovo-edge-e530-intel-core-i5-3230m-laptop--700gb-hd-bluetooth,450,450,,0
3808,SKY BLUE Universal Magnetic PU Leather Case Cover Stand 7 Inch Tablet Android PC,sky-blue-universal-magnetic-pu-leather-case-cover-stand-7-inch-tablet-android-pc,CASE021,8.99,8.99,,0
3815,"Samsung SYNCMASTER 943B 19"" LCD Monitor",samsung-syncmaster-943b-19-lcd-monitor,samsung-syncmaster-943b-19--lcd-monitor,35,35,,0
3863,Swing Party Dress in White,swings-party-dress,SPDW003,34.99,34.99,,1
3228,Two Way Nail Art - Black,nail-art-black,NAIL001,4.99,4.99,,1
