wp_ID,wp_post_status,wp_post_title,cf__min_variation_price,cf__max_variation_price,cf__price,cf__regular_price,cf__sale_price,cf__stock
3198,publish,Nail Stickers - Patchy Gold,,,9.99,9.99,,1
3196,publish,Nail Stickers - Patchy Silver,,,9.99,9.99,,1
3194,publish,Nail Stickers - Gold Stripes,,,9.99,9.99,,1
3191,publish,Nail Stickers - Silver Polka Dot,,,9.99,9.99,,1
3204,publish,All In One Bracelet - Red,,,5.99,14.99,5.99,1
3222,publish,Gemstone Ring - Gemstone,,,5.99,7.99,5.99,12
3216,publish,Assorted Nail Stickers - Assorted 2pk,,,6.99,9.99,6.99,12
3208,publish,All In One Bracelet - Blue,,,5.99,14.99,5.99,1
3200,publish,Nail Stickers - Silver Roses,,,9.99,9.99,,1
3202,publish,Nail Stickers - Solid Silver,,,6.99,9.99,6.99,1
3251,publish,Bohemian Style Beaded Bracelet - Yellow,,,8.99,10.99,8.99,1
3296,publish,Rhinestone Choker - Black,,,14.99,24.99,14.99,2
3292,publish,Rhinestone Choker - Yellow,,,14.99,24.99,14.99,2
3287,publish,Rhinestone Choker - Lime Green,,,14.99,24.99,14.99,1
3279,publish,Bohemian Anchor Bracelet - White,,,5.99,10.99,5.99,0
3283,publish,Bohemian Anchor Bracelet - Black,,,5.99,10.99,5.99,1
3271,publish,Bohemian Anchor Bracelet - Baby Pink,,,5.99,10.99,5.99,1
3267,publish,Bohemian Style Beaded Bracelet - Purple,,,5.99,10.99,5.99,1
3255,publish,Bohemian Style Beaded Bracelet - Green,,,5.99,10.99,5.99,1
3275,publish,Bohemian Anchor Bracelet - Pink,,,5.99,10.99,5.99,2
3259,publish,Bohemian Style Beaded Bracelet - Blue,,,5.99,10.99,5.99,1
3263,publish,Bohemian Style Beaded Bracelet  - Pink,,,5.99,10.99,5.99,1
3236,draft,Two Way Nail Art - Red,,,4.99,4.99,,1
3182,publish,Sterling Silver Hoop Earrings,,,5.99,19.99,5.99,2
3189,publish,Nail Stickers - Skulls,,,9.99,9.99,,3
3300,publish,Rhinestone Choker - Turquoise,,,14.99,24.99,14.99,1
3233,draft,Two Way Nail Art - Maroon,,,4.99,4.99,,1
3246,draft,Two Way Nail Art - Yellow,,,4.99,4.99,,1
3235,draft,Two Way Nail Art - Lilac,,,4.99,4.99,,1
3249,draft,Two Way Nail Art - Dark Brown,,,4.99,4.99,,1
3244,draft,Two Way Nail Art - Silver Glitter,,,4.99,4.99,,1
3139,publish,One Direction Silicone Band  - You Got That One Thing,,,7.99,7.99,,2
3167,publish,One Direction Silicone Band  - I Love Louise,,,7.99,7.99,,1
3178,publish,Gold Chain Necklace,,,5.99,19.99,5.99,6
3231,draft,Two Way Nail Art - White,,,4.99,4.99,,1
3135,publish,One Direction Silicone Band  - You Don't Know You're Beautiful,,,7.99,7.99,,4
3230,draft,Two Way Nail Art - Lavender,,,4.99,4.99,,1
3185,publish,Sterling Silver Hoop Earrings,,,5.99,14.95,5.99,10
3353,publish,Feather Earrings  - Yellow,,,7.99,7.99,,0
3151,publish,"One Direction Silicone Band  - It's Not An Obsession, It's Dedication",,,7.99,7.99,,1
3143,publish,One Direction Silicone Band  - That's What Makes You Beautiful,,,7.99,7.99,,2
3171,publish,One Direction Silicone Band  - I Love Zayn,,,7.99,7.99,,1
3147,publish,One Direction Silicone Band  - I Love One Direction,,,7.99,7.99,,3
3163,publish,One Direction Silicone Band  - I Love Liam,,,7.99,7.99,,2
3159,publish,One Direction Silicone Band  - I Love Harry,,,7.99,7.99,,1
3155,publish,One Direction Silicone Band  - I Love Niall,,,7.99,7.99,,1
3355,publish,Feather Earrings  - Orange,,,7.99,7.99,,0
3359,publish,Feather Earrings  - Purple,,,7.99,7.99,,0
3361,publish,Feather Earrings  - Green,,,7.99,7.99,,0
3357,publish,Feather Earrings  - Black,,,7.99,7.99,,0
3363,publish,Feather Earrings  - Red,,,7.99,7.99,,0
3367,publish,Feather Earrings  - Brown,,,7.99,9.99,7.99,1
3365,publish,Feather Earrings  - Peach,,,7.99,7.99,,1
3377,publish,Authentic Handmade Bag (Mini) - Pink,,,19.99,19.99,,1
3371,publish,2 Broke Girls Inspired Necklace - Pearl,,,19.99,29.99,19.99,2
3375,publish,Authentic Handmade Bag (Mini) - Green,,,19.99,19.99,,1
3350,publish,Feather Earrings  - Blue,,,7.99,7.99,,1
3336,publish,Candy Coloured Geometrical Drop Pendants - Green,,,14.99,24.99,14.99,1
3352,draft,Feather Earrings  - Pink,,,7.99,7.99,,1
3345,publish,Feather Earrings  - White,,,9.99,7.99,9.99,0
3308,publish,Sterling Silver Tear Drop Earrings - Silver,,,5.99,9.99,5.99,10
3312,publish,Triple Band Ring - Silver,,,5.99,9.99,5.99,5
3315,publish,Starfish Charm Bracelet,,,5.99,9.99,5.99,10
3319,publish,Candy Coloured Geometrical Drop Pendants - Blue,,,14.99,24.99,14.99,1
3323,publish,Candy Coloured Geometrical Drop Pendants - Orange,,,14.99,24.99,14.99,1
3331,publish,Candy Coloured Geometrical Drop Pendants - White,,,14.99,24.99,14.99,1
3339,draft,Big Bubble Beaded Necklace - Yellow,,,14.99,24.99,14.99,1
3344,draft,Big Bubble Beaded Necklace - Multi Color,,,14.99,24.99,14.99,1
3304,publish,Layered Chain Necklace,,,5.99,14.99,5.99,15
3379,publish,Authentic Handmade Bag (Mini) - Brown,,,19.99,19.99,,1
3327,publish,Candy Coloured Geometrical Drop Pendants - Pink,,,14.99,24.99,14.99,1
3383,publish,Authentic Handmade Bag  - Maroon,,,29.99,29.99,,1
3381,publish,Authentic Handmade Bag (Mini) - Yellow,,,19.99,19.99,,1
3411,publish,Black Strapless Party Dress - Small,,,21.65,19.99,21.65,2
3397,publish,Ruffled Leopard Print Skater Dress - Small,,,21.65,29.99,21.65,2
3396,publish,Medium (10-12),,,15.99,15.99,,2
3398,publish,Ruffled Leopard Print Skater Dress - Large,,,21.65,29.99,21.65,2
3385,publish,Authentic Handmade Bag  - Green,,,29.99,29.99,,1
3387,publish,Authentic Handmade Bag  - Grey,,,29.99,29.99,,1
3389,publish,Authentic Handmade Bag (Large) - Pink,,,29.99,29.99,,1
3393,publish,Small (8-10),,,15.99,15.99,,2
3391,publish,Authentic Handmade Bag (Large) - Purple,,,29.99,29.99,,1
3452,publish,5 X Assorted One Direction Silicon Bands,,,14.99,14.99,,2
3445,publish,Blue Sequined Party Dress,49,49,49,,,
3448,publish,SKYBLUE Universal Magnetic PU Leather Case Cover 7 Inch,,,7.99,7.99,,18
3433,publish,Kaleidoscope Maxi Dress,20,39.99,20,,,
3442,publish,Sexy Black Beach Dress,15.99,20,15.99,,,
3444,publish,Blue Sequined Party Dress - Medium,,,21.65,29.99,21.65,2
3427,publish,Midnight Magic Lace Dress in Black,20,39.99,20,,,
3419,publish,Cascade Halter Neck Dress,20,34.99,20,,,
3474,publish,Women's punk style silver earrings,,,5.99,9.99,5.99,1
3413,publish,Black Strapless Party Dress,19.99,29.99,19.99,,,
3472,publish,Women's beautiful bow shaped earrings gold,,,5.99,9.99,5.99,1
3476,publish,New fashion two different earrings top hat and boot,,,5.99,9.99,5.99,1
3468,publish,Women's retro vintage dangling earrings red,,,12.99,12.99,,1
3480,publish,AuStock Hot Fashion Ladies Hand Bag Shoulder/Hand Casual Handmad Bag - Green,,,23.74,23.74,,0
3482,draft,USED HotSpot Netgear WNDAP360 pro safe Dual Band Wireless-N Access Point,,,199,199,,0
3470,publish,Women's vintage style dangling earrings orange,,,11.99,11.99,,1
3460,publish,Women's casual dangling earrings,,,7.99,7.99,,1
3458,publish,Women's elegant black and gold dangle earrings,,,9.99,9.99,,1
3466,publish,Women's casual half hoop earrings - Yellow,,,5.99,5.99,,1
3464,publish,Women's casual half hoop earrings - Blue,,,5.99,5.99,,1
3462,publish,Women's casual half hoop earrings - Pink,,,5.99,5.99,,1
3488,publish,Black Rose Shift Dress,,,20,34.99,20,3
3394,publish,Casual Floral Print Day Dress,39.95,39.95,39.95,,,
3484,publish,Black Bombshell Dress,,,20,34.99,20,2
3512,publish,Come Hither Bodycon in Black,39.99,39.99,20,,20,
3522,publish,Let's Play Dress in Red,20,34.99,20,,20,
3518,publish,Free Shift Dress in Purple,,,20,32.99,20,3
3558,publish,Show Stopper Playsuit in Blue,34.99,34.99,18,,18,
3569,publish,Summer Suzie Tee Dress in Red,,,18,29.99,18,1
3563,publish,Summer Fun Playsuit in Red,34.99,34.99,20,,20,
3573,publish,Summer Suzie Tee Dress in Blue,,,15,29.99,15,1
3616,publish,Red Sequined Party Dress,29.99,29.99,20,,20,
3628,publish,African Safari Playsuit in White,34.99,34.99,20,,20,
3608,publish,Endless Splendour Dress in Black,24.99,24.99,20,,20,
3599,publish,Black & Cream Striped Bodycon Dress,20,29.99,20,,20,
3591,publish,Watch Out Party Dress in Black,34.99,34.99,20,,20,
3648,publish,Brat Tee in Black,24.99,24.99,18,,18,
3641,publish,Black or White Day Dress,20,29.99,20,,20,
3654,publish,Casual Kelly Tee in Grey -  Medium,,,20,24.99,20,1
3659,publish,City Chic Party Dress in White,34.99,34.99,20,,20,
3666,publish,Kool Kim Top in White,29.99,29.99,15,,15,
3680,publish,Dare to Dream Playsuit in Black,20,34.99,20,,,
3673,publish,Criss Cross Top in White,29.99,29.99,15,,15,
3703,publish,Hugs & Kiss Party Dress in White,15,34.99,15,,15,
3698,publish,Hugs & Kiss Party Dress in Red,15,34.99,15,,15,
3686,publish,Florista Playsuit in Black,34.99,34.99,20,,20,
3720,publish,Playful Lace Top in White,29.99,29.99,15,,15,
3714,publish,Lost Tee in Grey,29.99,29.99,15,,15,
3709,publish,Look At Me Party Dress in Black,29.99,29.99,20,,20,
3732,publish,Pretty in Pink Playsuit,39.99,39.99,15,,15,
3725,publish,Polka Dot Princess Tee in Black,29.99,29.99,18,,18,
3768,publish,Senorita Party Dress,39.99,39.99,20,,20,
3775,publish,Serenity Floral Print Maxi Dress,39.99,39.99,20,,20,
3755,publish,Romeo Crop Top in Black,24.99,24.99,18,,18,
3739,publish,Princess Playsuit in Pink,39.99,39.99,20,,20,
3805,publish,Party Dress Red Seduction - Medium,,,21.65,19.99,21.65,0
3796,publish,Test Product (NOT FOR SALE),,,0.01,0.01,,7
3781,publish,Vixen Dress in White,34.99,34.99,20,,20,
3761,publish,Sassy Anne Jumpsuit in Blue,39.99,39.99,15,,15,
3789,publish,Wave Mesh Playsuit in White,34.99,34.99,29.99,,29.99,
3818,publish,Mariana Playsuit in Black,45,49.99,45,,49.99,
3812,publish,Party Dress Red Seduction - Small,,,13.99,13.99,,0
4001,publish,Variation #4001 of Blue Sequined Party Dress,,,49,49,,0
3990,publish,Variation #3990 of Midnight Magic Lace Dress in Black,,,20,39.99,20,2
3989,publish,Variation #3989 of Midnight Magic Lace Dress in Black,,,20,39.99,20,2
4004,publish,Variation #4004 of Basic Party Dress in Black,,,20,29.99,20,2
4003,publish,Variation #4003 of Basic Party Dress in Black,,,20,29.99,20,1
4002,publish,Variation #4002 of Basic Party Dress in Black,,,20,29.99,20,1
3998,publish,Variation #3998 of Sexy Black Beach Dress,,,20,15.99,20,2
3997,publish,Variation #3997 of Sexy Black Beach Dress,,,20,15.99,20,2
4009,publish,Variation #4009 of Cascade Halter Neck Dress,,,20,34.99,20,1
4011,publish,Variation #4011 of Cascade Halter Neck Dress,,,20,34.99,20,2
3999,publish,Variation #3999 of Sexy Black Beach Dress,,,20,15.99,20,1
4008,publish,Variation #4008 of Black Strapless Party Dress,,,20,19.99,20,1
4010,publish,Variation #4010 of Cascade Halter Neck Dress,,,20,34.99,20,1
3996,publish,Variation #3996 of Kaleidoscope Maxi Dress,,,20,39.99,20,1
3995,publish,Variation #3995 of Kaleidoscope Maxi Dress,,,20,39.99,20,2
3228,draft,Two Way Nail Art - Black,,,4.99,4.99,,1
3862,publish,Variation #3862 of Swing Party Dress in White,,,34.99,34.99,,1
3405,publish,Ruffled Leopard Print Skater Dress,20,20,20,,,
3551,publish,Sexy Leopard Shift Dress,20,20,20,,,
3748,publish,Red Lips Party Dress,20,20,20,,,
3537,publish,Night on the town mesh dress in black,20,20,20,,,
3544,publish,Pretty Meshy Dress in Black,20,20,20,,,
3491,publish,Call Me Playsuit in Black,20,20,20,,,
3635,publish,Beach Babe Playsuit in Pink,20,20,20,,,
3529,publish,Lolita Playsuit in White,20,20,20,,,
3500,publish,Just A Little Naughty Playsuit in White,20,20,20,,,
3584,publish,Sweetheart Playsuit in White,20,20,20,,,
3577,publish,Sweetheart Playsuit in Pink,20,20,20,,,
4105,publish,Variation #4105 of Ramona Pullover,,,39.99,39.99,,1
4110,publish,Variation #4110 of Oversized V-Neck Knit,,,39.99,39.99,,1
4111,publish,Variation #4111 of Oversized V-Neck Knit,,,39.99,39.99,,1
4123,publish,Variation #4123 of Casual Loosefit Sweater,,,35,35,,0
4126,publish,Variation #4126 of Crewneck Cardigan,,,35,35,,1
4127,publish,Variation #4127 of Crewneck Cardigan,,,35,35,,1
4128,publish,Variation #4128 of Crewneck Cardigan,,,,,,1
4137,publish,Variation #4137 of Casual Sports Hoodie,,,35,35,,1
4138,publish,Variation #4138 of Casual Sports Hoodie,,,35,35,,1
3692,publish,Grey Butterfly Day Dress,20,20,20,,,
3426,publish,Midnight Magic Lace Dress in Black - Large,,,21.65,39.99,21.65,2
4039,publish,Pocket Dress,49,49,49,,,
4054,publish,Tailed Knit,49,49,49,,,
3891,publish,Ruched Maxi Dress in White,20,20,20,,,
4045,publish,Haze Hi Low Knit,49,49,49,,,
3864,publish,Crystal Clear Playsuit in White,25.99,45,25.99,,,
3884,publish,Ruched Maxi Dress in Black,20,49.99,20,,,
3857,publish,Swing Party Dress in White,29.99,34.99,29.99,,34.99,
3878,publish,Southern Comfort Maxi Dress in Black,25.99,49.99,25.99,,,
3871,publish,Bluebell Day Dress in Navy,25.99,49.99,25.99,,,
3834,publish,Voltage Playsuit in Black,45,49.99,45,,49.99,
3850,publish,Blue Mist Day Dress,29.99,34.99,29.99,,34.99,
3843,publish,Symphony Party Dress in Navy,45,49.99,45,,49.99,
3826,publish,Tanya Pinstripe Playsuit in Black,45,45,45,,49.99,
4136,publish,Casual Sports Hoodie,35,35,35,,,
4125,publish,Crewneck Cardigan,35,35,35,,,
4109,publish,Oversized V-Neck Knit,39.99,39.99,39.99,,,
4104,publish,Ramona Pullover,39.99,39.99,39.99,,,
4076,publish,Casual Loosefit Sweater,35,35,35,,,
4061,publish,Berry Pullover,39.99,39.99,39.99,,,
4068,publish,Crewneck Pullover,35,35,35,,,
3402,publish,Basic Party Dress in Black,20,20,20,,,
3226,publish,Graduated Drop Necklace - Silver,,,5.99,14.99,5.99,5
3212,publish,Leather Bracelet Wrist Watch - Green,,,5.99,14.99,5.99,2
3052,publish,Silver Hoop Earrings,,,5.99,9.99,5.99,11
3060,publish,Rustic Make A Wish Rings - Hope,,,4.99,5.99,4.99,8
3056,publish,Rustic Make A Wish Rings - Belief,,,4.99,5.99,4.99,8
3087,draft,Charm Bracelet - Black,,,5.99,9.99,5.99,1
3131,publish,One Direction Silicone Band  - So In Love With One Direction,,,5.99,7.99,5.99,1
3095,publish,Charm Bracelet - White,,,9.99,9.99,,0
3127,publish,Chunky Beaded Necklace - White,,,9.99,14.99,9.99,1
3110,publish,Chunky Beaded Necklace - Green/Teal,,,9.99,14.99,9.99,1
3064,publish,Rustic Make A Wish Rings - Love,,,4.99,5.99,4.99,8
3123,publish,Chunky Beaded Necklace - Gold,,,9.99,14.99,9.99,1
3118,publish,Chunky Beaded Necklace - Multi Colour,,,9.99,14.99,9.99,1
3114,publish,Chunky Beaded Necklace - Black,,,9.99,14.99,9.99,1
3083,publish,Geometric Necklace - Black,,,14.99,19.99,14.99,4
3106,publish,Sterling Silver Filled Charm Tag Bracelet,,,7.99,7.99,,9
3103,publish,Punk Style Leather Bracelet - Pink,,,9.99,9.99,,4
3101,publish,Punk Style Leather Bracelet - Black,,,9.99,9.99,,4
3099,publish,Punk Style Leather Bracelet - White,,,9.99,9.99,,4
3082,draft,Mood Rings - Colour Changing,,,4.99,4.99,,100
3091,publish,Charm Bracelet - Blue,,,5.99,9.99,5.99,1
3080,publish,Rustic Make A Wish Rings - Luck,,,5.99,5.99,,19
3076,publish,Rustic Make A Wish Rings - Wisdom,,,4.99,5.99,4.99,15
3072,publish,Rustic Make A Wish Rings - Free,,,4.99,5.99,4.99,16
3068,publish,Rustic Make A Wish Rings - Peace,,,4.99,5.99,4.99,10
4095,publish,Variation #4095 of Swing Party Dress in White,,,29.99,34.99,29.99,1
4078,publish,Variation #4078 of Casual Loosefit Sweater,,,35,35,,0
4077,publish,Variation #4077 of Pocket Dress,,,49,69,49,0
4070,publish,Variation #4070 of Crewneck Pullover,,,35,35,,1
4069,publish,Variation #4069 of Crewneck Pullover,,,35,35,,1
4062,publish,Variation #4062 of Berry Pullover,,,39.99,39.99,,0
4055,publish,Variation #4055 of Tailed Knit,,,49,69,49,1
4056,publish,Variation #4056 of Tailed Knit,,,49,69,49,1
4057,publish,Variation #4057 of Tailed Knit,,,49,69,49,1
4046,publish,Variation #4046 of Haze Hi Low Knit,,,49,69,49,1
4047,publish,Variation #4047 of Haze Hi Low Knit,,,49,69,49,1
4048,publish,Variation #4048 of Haze Hi Low Knit,,,49,69,49,1
4042,publish,Variation #4042 of Pocket Dress,,,49,69,49,1
4041,publish,Variation #4041 of Pocket Dress,,,49,69,49,1
4040,publish,Variation #4040 of Pocket Dress,,,49,69,49,1
4007,publish,Variation #4007 of Black Strapless Party Dress,,,20,29.99,20,2
4006,publish,Variation #4006 of Ruffled Leopard Print Skater Dress,,,20,29.99,20,2
4005,publish,Variation #4005 of Ruffled Leopard Print Skater Dress,,,20,29.99,20,2
3993,publish,Variation #3993 of Casual Floral Print Day Dress,,,39.95,39.95,,0
3992,publish,Variation #3992 of Casual Floral Print Day Dress,,,39.95,39.95,,0
3991,publish,Variation #3991 of Casual Floral Print Day Dress,,,39.95,39.95,,'-5
3589,publish,Variation #3589 of Sweetheart Playsuit in White,,,20,39.99,20,2
3590,publish,Variation #3590 of Sweetheart Playsuit in White,,,20,39.99,20,2
3588,publish,Variation #3588 of Sweetheart Playsuit in White,,,20,39.99,20,1
3583,publish,Variation #3583 of Sweetheart Playsuit in Pink,,,20,39.99,20,2
3582,publish,Variation #3582 of Sweetheart Playsuit in Pink,,,20,39.99,20,2
3581,publish,Variation #3581 of Sweetheart Playsuit in Pink,,,20,39.99,20,0
3541,publish,Variation #3541 of Night on the town mesh dress in black,,,20,39.99,20,1
3542,publish,Variation #3542 of Night on the town mesh dress in black,,,20,39.99,20,0
3543,publish,Variation #3543 of Night on the town mesh dress in black,,,20,39.99,20,0
3550,publish,Variation #3550 of Pretty Meshy Dress in Black,,,20,29.99,20,2
3548,publish,Variation #3548 of Pretty Meshy Dress in Black,,,20,29.99,20,2
3549,publish,Variation #3549 of Pretty Meshy Dress in Black,,,20,29.99,20,2
3557,publish,Variation #3557 of Sexy Leopard Shift Dress,,,20,34.99,20,2
3556,publish,Variation #3556 of Sexy Leopard Shift Dress,,,20,34.99,20,2
3555,publish,Variation #3555 of Sexy Leopard Shift Dress,,,20,34.99,20,2
3562,publish,Show Stopper Playsuit in Blue - Small,,,34.99,34.99,20,2
3561,publish,Show Stopper Playsuit in Blue - Extra Small,,,34.99,34.99,20,1
3652,publish,Brat Tee in Black - Medium,,,24.99,24.99,,0
3653,publish,Brat Tee in Black - Small,,,24.99,24.99,,1
3672,publish,Kool Kim Top in White - Medium,,,29.99,29.99,24.99,1
3671,publish,Kool Kim Top in White - Large,,,29.99,29.99,24.99,1
3670,publish,Kool Kim Top in White - Small,,,29.99,29.99,24.99,1
3677,publish,Criss Cross Top in White - Small,,,29.99,29.99,24.99,0
3679,publish,Criss Cross Top in White - Large,,,29.99,29.99,24.99,0
3678,publish,Criss Cross Top in White - Medium,,,29.99,29.99,24.99,1
3684,publish,Variation #3684 of Dare to Dream Playsuit in Black,,,20,34.99,20,0
3685,publish,Variation #3685 of Dare to Dream Playsuit in Black,,,20,34.99,20,0
3702,publish,Variation #3702 of Hugs &amp; Kiss Party Dress in Red,,,15,34.99,15,1
3718,publish,Lost Tee in Grey ,,,29.99,29.99,24.99,1
3719,publish,Lost Tee in Grey,,,29.99,29.99,24.99,1
3724,publish,Playful Lace Top in White ,,,29.99,29.99,24.99,0
3723,publish,Playful Lace Top in White ,,,29.99,29.99,24.99,1
3729,publish,Polka Dot Princess Tee in Black - Small,,,29.99,29.99,24.99,1
3730,publish,Polka Dot Princess Tee in Black - Medium,,,29.99,29.99,24.99,0
3731,publish,Polka Dot Princess Tee in Black - Large,,,29.99,29.99,24.99,0
3736,publish,Pretty in Pink Playsuit ,,,39.99,39.99,20,1
3738,publish,Pretty in Pink Playsuit ,,,39.99,39.99,20,1
3760,publish,Romeo Crop Top in Black ,,,24.99,24.99,19.99,1
3759,publish,Romeo Crop Top in Black,,,24.99,24.99,19.99,1
3766,publish,Sassy Anne Jumpsuit in Blue ,,,39.99,39.99,35,1
3765,publish,Sassy Anne Jumpsuit in Blue ,,,39.99,39.99,35,1
3767,publish,Sassy Anne Jumpsuit in Blue ,,,39.99,39.99,35,1
3794,publish,Wave Mesh Playsuit in White,,,34.99,34.99,29.99,1
3793,publish,Wave Mesh Playsuit in White,,,34.99,34.99,29.99,0
3795,publish,Wave Mesh Playsuit in White,,,34.99,34.99,29.99,0
3856,publish,Variation #3856 of Blue Mist Day Dress,,,29.99,34.99,29.99,1
3855,publish,Variation #3855 of Blue Mist Day Dress,,,29.99,34.99,29.99,1
3854,publish,Variation #3854 of Blue Mist Day Dress,,,29.99,34.99,29.99,1
3876,publish,Variation #3876 of Bluebell Day Dress in Navy,,,25.99,49.99,25.99,0
3875,publish,Variation #3875 of Bluebell Day Dress in Navy,,,25.99,49.99,25.99,0
3874,publish,Variation #3874 of Bluebell Day Dress in Navy,,,25.99,49.99,25.99,1
3877,publish,Variation #3877 of Bluebell Day Dress in Navy,,,25.99,49.99,25.99,0
3881,publish,Variation #3881 of Southern Comfort Maxi Dress in Black,,,25.99,49.99,25.99,0
3882,publish,Variation #3882 of Southern Comfort Maxi Dress in Black,,,25.99,49.99,25.99,0
3883,publish,Variation #3883 of Southern Comfort Maxi Dress in Black,,,25.99,49.99,25.99,0
3889,publish,Variation #3889 of Ruched Maxi Dress in Black,,,20,49.99,20,1
3888,publish,Variation #3888 of Ruched Maxi Dress in Black,,,20,49.99,20,1
3890,publish,Variation #3890 of Ruched Maxi Dress in Black,,,20,49.99,20,1
3894,publish,Variation #3894 of Ruched Maxi Dress in White,,,20,49.99,20,1
3893,publish,Variation #3893 of Ruched Maxi Dress in White,,,20,49.99,20,1
3895,publish,Variation #3895 of Ruched Maxi Dress in White,,,20,49.99,20,0
3695,publish,Variation #3695 of Grey Butterfly Day Dress,,,20,29.99,20,0
3697,publish,Variation #3697 of Grey Butterfly Day Dress,,,20,29.99,20,1
3696,publish,Variation #3696 of Grey Butterfly Day Dress,,,20,29.99,20,0
3847,publish,Variation #3847 of Symphony Party Dress in Navy,,,45,49.99,45,1
3846,publish,Variation #3846 of Symphony Party Dress in Navy,,,45,49.99,45,1
3848,publish,Variation #3848 of Symphony Party Dress in Navy,,,45,49.99,45,1
3849,publish,Variation #3849 of Symphony Party Dress in Navy,,,45,49.99,45,1
3824,publish,Variation #3824 of Mariana Playsuit in Black,,,45,49.99,45,1
3822,publish,Variation #3822 of Mariana Playsuit in Black,,,45,49.99,45,1
3823,publish,Variation #3823 of Mariana Playsuit in Black,,,45,49.99,45,1
3825,publish,Variation #3825 of Mariana Playsuit in Black,,,45,49.99,45,1
3840,publish,Variation #3840 of Voltage Playsuit in Black,,,45,49.99,45,1
3841,publish,Variation #3841 of Voltage Playsuit in Black,,,45,49.99,45,1
3839,publish,Variation #3839 of Voltage Playsuit in Black,,,45,49.99,45,1
3842,publish,Variation #3842 of Voltage Playsuit in Black,,,45,49.99,45,1
3833,publish,Variation #3833 of Tanya Pinstripe Playsuit in Black,,,45,49.99,45,1
3832,publish,Variation #3832 of Tanya Pinstripe Playsuit in Black,,,45,49.99,45,0
3831,publish,Variation #3831 of Tanya Pinstripe Playsuit in Black,,,45,49.99,45,1
3830,publish,Variation #3830 of Tanya Pinstripe Playsuit in Black,,,45,49.99,45,1
3870,publish,Variation #3870 of Crystal Clear Playsuit in White,,,25.99,45,25.99,1
3869,publish,Variation #3869 of Crystal Clear Playsuit in White,,,25.99,45,25.99,1
3868,publish,Variation #3868 of Crystal Clear Playsuit in White,,,25.99,45,25.99,0
3861,publish,Variation #3861 of Swing Party Dress in White,,,29.99,34.99,29.99,0
3860,publish,Variation #3860 of Swing Party Dress in White,,,29.99,34.99,29.99,0
3509,publish,Variation #3509 of Just A Little Naughty Playsuit in White,,,20,35.99,20,0
3510,publish,Variation #3510 of Just A Little Naughty Playsuit in White,,,20,35.99,20,1
3511,publish,Variation #3511 of Just A Little Naughty Playsuit in White,,,20,35.99,20,2
3633,publish,African Safari Playsuit in White - Medium,,,34.99,34.99,20,0
3632,publish,African Safari Playsuit in White - Small,,,34.99,34.99,20,0
3634,publish,African Safari Playsuit in White ,,,34.99,34.99,20,1
3639,publish,Variation #3639 of Beach Babe Playsuit in Pink,,,20,34.99,20,1
3640,publish,Variation #3640 of Beach Babe Playsuit in Pink,,,20,34.99,20,0
3526,publish,Variation #3526 of Let&#8217;s Play Dress in Red,,,20,34.99,20,2
3527,publish,Variation #3527 of Let&#8217;s Play Dress in Red,,,20,34.99,20,1
3528,publish,Variation #3528 of Let&#8217;s Play Dress in Red,,,20,34.99,20,2
3645,publish,Variation #3645 of Black or White Day Dress,,,20,29.99,20,1
3646,publish,Variation #3646 of Black or White Day Dress,,,20,29.99,20,1
3647,publish,Variation #3647 of Black or White Day Dress,,,20,29.99,20,0
3707,publish,Variation #3707 of Hugs &amp; Kiss Party Dress in White,,,15,34.99,15,1
3708,publish,Variation #3708 of Hugs &amp; Kiss Party Dress in White,,,15,34.99,15,1
3753,publish,Variation #3753 of Red Lips Party Dress,,,20,34.99,20,1
3752,publish,Variation #3752 of Red Lips Party Dress,,,20,34.99,20,1
3754,publish,Variation #3754 of Red Lips Party Dress,,,20,34.99,20,1
3772,publish,Senorita Party Dress in Black - Small,,,39.99,39.99,20,1
3773,publish,Senorita Party Dress in Black - Medium,,,39.99,39.99,20,0
3774,publish,Senorita Party Dress in Black - Large,,,39.99,39.99,20,1
3785,publish,Vixen Dress in White,,,34.99,34.99,20,0
3787,publish,Vixen Dress in White - Medium,,,34.99,34.99,20,0
3788,publish,Vixen Dress in White - Large,,,34.99,34.99,20,0
3713,publish,Look At Me Party Dress in Black ,,,29.99,29.99,20,0
3613,publish,Endless Splendour Dress in Black ,,,24.99,24.99,20,1
3614,publish,Endless Splendour Dress in Black - Medium,,,24.99,24.99,20,1
3615,publish,Endless Splendour Dress in Black,,,24.99,24.99,20,2
3746,publish,Princess Playsuit in Pink ,,,39.99,39.99,20,1
3742,publish,Princess Playsuit in Pink ,,,39.99,39.99,20,1
3744,publish,Princess Playsuit in Pink ,,,39.99,39.99,20,0
3496,publish,Variation #3496 of Call Me Playsuit in Black,,,20,39.99,20,0
3498,publish,Variation #3498 of Call Me Playsuit in Black,,,20,39.99,20,1
3497,publish,Variation #3497 of Call Me Playsuit in Black,,,20,39.99,20,0
3598,publish,Watch Out Party Dress in Black - Large,,,34.99,34.99,20,2
3597,publish,Watch Out Party Dress in Black - Medium,,,34.99,34.99,20,2
3596,publish,Watch Out Party Dress in Black - Small,,,34.99,34.99,20,2
3602,publish,Variation #3602 of Black &amp; Cream Striped Bodycon Dress,,,20,29.99,20,2
3604,publish,Variation #3604 of Black &amp; Cream Striped Bodycon Dress,,,20,29.99,20,2
3606,publish,Variation #3606 of Black &amp; Cream Striped Bodycon Dress,,,20,29.99,20,1
3618,publish,Red Sequined Party Dress : Small,,,29.99,29.99,20,0
3619,publish,Red Sequined Party Dress : Medium,,,29.99,29.99,20,0
3620,publish,Red Sequined Party Dress : Large,,,29.99,29.99,20,0
3626,publish,Red Sequined Party Dress : 14,,,29.99,29.99,20,0
3625,publish,Red Sequined Party Dress : 6,,,29.99,29.99,20,0
3624,publish,Red Sequined Party Dress : 8,,,29.99,29.99,20,0
3623,publish,Red Sequined Party Dress : 10,,,29.99,29.99,20,0
3622,publish,Red Sequined Party Dress : 12,,,29.99,29.99,20,0
3621,publish,Red Sequined Party Dress : Extra Small,,,29.99,29.99,20,0
3664,publish,City Chic Party Dress in White - Medium,,,34.99,34.99,20,0
3665,publish,City Chic Party Dress in White - Small,,,34.99,34.99,20,0
3663,publish,City Chic Party Dress in White - Large,,,34.99,34.99,20,0
3779,publish,Serenity Floral Print Maxi Dress - Small,,,39.99,39.99,20,1
3780,publish,Serenity Floral Print Maxi Dress - Medium,,,39.99,39.99,20,1
3515,publish,Come Hither Bodycon in Black - Small,,,39.99,39.99,29.99,2
3516,publish,Come Hither Bodycon in Black - Medium,,,39.99,39.99,29.99,2
3517,publish,Come Hither Bodycon in Black - Large,,,39.99,39.99,29.99,2
3534,publish,Variation #3534 of Lolita Playsuit in White,,,20,39.99,20,2
3535,publish,Variation #3535 of Lolita Playsuit in White,,,20,39.99,20,2
3536,publish,Variation #3536 of Lolita Playsuit in White,,,20,39.99,20,2
3567,publish,Summer Fun Playsuit in Red - Large,,,34.99,34.99,20,2
3568,publish,Summer Fun Playsuit in Red - Medium,,,34.99,34.99,20,1
3691,publish,Florista Playsuit in Black - Medium,,,34.99,34.99,20,0
3690,publish,Florista Playsuit in Black - Small,,,34.99,34.99,20,0
375,publish,Variation #375 of Arizona Racer Ox Converse,,,29,29,,
374,publish,Variation #374 of Arizona Racer Ox Converse,,,29,29,,
373,publish,Variation #373 of Arizona Racer Ox Converse,,,29,29,,
372,publish,Variation #372 of Arizona Racer Ox Converse,,,29,29,,
371,publish,Variation #371 of Arizona Racer Ox Converse,,,29,29,,
370,publish,Variation #370 of Arizona Racer Ox Converse,,,29,29,,
369,publish,Variation #369 of Arizona Racer Ox Converse,,,29,29,,
376,publish,Variation #376 of Arizona Racer Ox Converse,,,29,29,,
377,publish,Variation #377 of Arizona Racer Ox Converse,,,29,29,,
383,publish,Variation #383 of Arizona Racer Ox Converse,,,29,29,,
382,publish,Variation #382 of Arizona Racer Ox Converse,,,29,29,,
381,publish,Variation #381 of Arizona Racer Ox Converse,,,29,29,,
380,publish,Variation #380 of Arizona Racer Ox Converse,,,29,29,,
379,publish,Variation #379 of Arizona Racer Ox Converse,,,29,29,,
378,publish,Variation #378 of Arizona Racer Ox Converse,,,29,29,,
344,publish,Variation #344 of Arizona Racer Ox Converse,,,29,29,,
357,publish,Variation #357 of Arizona Racer Ox Converse,,,29,29,,
345,publish,Variation #345 of Arizona Racer Ox Converse,,,29,29,,
346,publish,Variation #346 of Arizona Racer Ox Converse,,,29,29,,
347,publish,Variation #347 of Arizona Racer Ox Converse,,,29,29,,
348,publish,Variation #348 of Arizona Racer Ox Converse,,,29,29,,
349,publish,Variation #349 of Arizona Racer Ox Converse,,,29,29,,
343,publish,Variation #343 of Arizona Racer Ox Converse,,,29,29,,
342,publish,Variation #342 of Arizona Racer Ox Converse,,,29,29,,
341,publish,Variation #341 of Arizona Racer Ox Converse,,,29,29,,
340,publish,Variation #340 of Arizona Racer Ox Converse,,,29,29,,
339,publish,Variation #339 of Arizona Racer Ox Converse,,,29,29,,
338,publish,Variation #338 of Arizona Racer Ox Converse,,,29,29,,
337,publish,Variation #337 of Arizona Racer Ox Converse,,,29,29,,
336,publish,Variation #336 of Arizona Racer Ox Converse,,,29,29,,
335,publish,Variation #335 of Arizona Racer Ox Converse,,,29,29,,
334,publish,Variation #334 of Arizona Racer Ox Converse,,,29,29,,
350,publish,Variation #350 of Arizona Racer Ox Converse,,,29,29,,
351,publish,Variation #351 of Arizona Racer Ox Converse,,,29,29,,
368,publish,Variation #368 of Arizona Racer Ox Converse,,,29,29,,
367,publish,Variation #367 of Arizona Racer Ox Converse,,,29,29,,
366,publish,Variation #366 of Arizona Racer Ox Converse,,,29,29,,
365,publish,Variation #365 of Arizona Racer Ox Converse,,,29,29,,
364,publish,Variation #364 of Arizona Racer Ox Converse,,,29,29,,
363,publish,Variation #363 of Arizona Racer Ox Converse,,,29,29,,
362,publish,Variation #362 of Arizona Racer Ox Converse,,,29,29,,
361,publish,Variation #361 of Arizona Racer Ox Converse,,,29,29,,
360,publish,Variation #360 of Arizona Racer Ox Converse,,,29,29,,
359,publish,Variation #359 of Arizona Racer Ox Converse,,,29,29,,
358,publish,Variation #358 of Arizona Racer Ox Converse,,,29,29,,
356,publish,Variation #356 of Arizona Racer Ox Converse,,,29,29,,
355,publish,Variation #355 of Arizona Racer Ox Converse,,,29,29,,
354,publish,Variation #354 of Arizona Racer Ox Converse,,,29,29,,
353,publish,Variation #353 of Arizona Racer Ox Converse,,,29,29,,
352,publish,Variation #352 of Arizona Racer Ox Converse,,,29,29,,
4275,publish,Variation #309 of Daisy Bag Sonia by Sonia Rykiel,,,12,12,,
4277,publish,Variation #311 of Daisy Bag Sonia by Sonia Rykiel,,,12,12,,
4276,publish,Variation #310 of Daisy Bag Sonia by Sonia Rykiel,,,12,12,,
4266,publish,Variation #298 of U Old Skool VANS,,,32,32,,
4267,publish,Variation #299 of U Old Skool VANS,,,32,32,,
4268,publish,Variation #300 of U Old Skool VANS,,,32,32,,
4270,publish,Variation #302 of U Old Skool VANS,,,32,32,,
4271,publish,Variation #303 of U Old Skool VANS,,,32,32,,
4272,publish,Variation #304 of U Old Skool VANS,,,32,32,,
4265,publish,Variation #297 of U Old Skool VANS,,,32,32,,
4273,publish,Variation #305 of U Old Skool VANS,,,32,32,,
4274,publish,Variation #306 of U Old Skool VANS,,,32,32,,
4269,publish,Variation #301 of U Old Skool VANS,,,32,32,,
281,publish,Variation #281 of All Star Canvas Hi Converse,,,49,49,,
280,publish,Variation #280 of All Star Canvas Hi Converse,,,49,49,,
279,publish,Variation #279 of All Star Canvas Hi Converse,,,39,39,,
278,publish,Variation #278 of All Star Canvas Hi Converse,,,49,49,,
277,publish,Variation #277 of All Star Canvas Hi Converse,,,49,49,,
251,publish,Product #250 Variation,,,,,,
241,publish,"Variation #241 of U420GKW NOK 799, New Balance",,,32,32,,
238,publish,"Variation #238 of U420GKW NOK 799, New Balance",,,32,32,,
239,publish,"Variation #239 of U420GKW NOK 799, New Balance",,,32,32,,
240,publish,"Variation #240 of U420GKW NOK 799, New Balance",,,32,32,,
242,publish,"Variation #242 of U420GKW NOK 799, New Balance",,,32,32,,
243,publish,"Variation #243 of U420GKW NOK 799, New Balance",,,32,32,,
244,publish,"Variation #244 of U420GKW NOK 799, New Balance",,,32,32,,
246,publish,"Variation #246 of U420GKW NOK 799, New Balance",,,32,32,,
247,publish,"Variation #247 of U420GKW NOK 799, New Balance",,,32,32,,
245,publish,"Variation #245 of U420GKW NOK 799, New Balance",,,32,32,,
117,publish,Variation #117 of Pink Check Shirt,,,39,39,,
116,publish,Variation #116 of Pink Check Shirt,,,39,39,,
118,publish,Variation #118 of Pink Check Shirt,,,39,39,,
110,publish,Variation #110 of Asdi T-shirt,,,19,19,,
109,publish,Variation #109 of Asdi T-shirt,,,19,19,,
108,publish,Variation #108 of Asdi T-shirt,,,19,19,,
105,publish,Variation #105 of Price Sheena Army Singlet,,,19,19,,
106,publish,Variation #106 of Price Sheena Army Singlet,,,19,19,,
107,publish,Variation #107 of Price Sheena Army Singlet,,,19,19,,
91,publish,Variation #87 of Sunny Tank Selected Femme,,,12,12,,
92,publish,Variation #88 of Sunny Tank Selected Femme,,,12,12,,
93,publish,Variation #89 of Sunny Tank Selected Femme,,,12,12,,
88,publish,Variation #88 of Sunny Tank Selected Femme,,,12,12,,
89,publish,Variation #89 of Sunny Tank Selected Femme,,,12,12,,
87,publish,Variation #87 of Sunny Tank Selected Femme,,,12,12,,
76,publish,Variation #76 of V-Neck Cardigan,,,,,,
75,publish,Variation #75 of V-Neck Cardigan,,,,,,
74,publish,Variation #74 of V-Neck Cardigan,,,,,,
73,publish,Variation #73 of V-Neck Cardigan,,,,,,
70,publish,Variation #70 of V-Neck Cardigan,,,49,49,,
69,publish,Variation #69 of V-Neck Cardigan,,,49,49,,
